{
  "train_loss": [
    0.9480358187247303,
    0.4839998075335134,
    0.3755895561322206,
    0.31885369561237004,
    0.28312871423899216,
    0.2577063192095004,
    0.24425400613995107,
    0.22271572888923533,
    0.21011711257100418,
    0.20026711704451233
  ],
  "val_loss": [
    0.5607732834735557,
    0.3781216733278059,
    0.3025871725649542,
    0.27311217228836854,
    0.24261370458321427,
    0.2198342789260334,
    0.20179430111059402,
    0.18470917591852615,
    0.18301909011661044,
    0.18010073394965556
  ],
  "train_acc": [
    0.7406464078693132,
    0.875636746882136,
    0.9016335851045143,
    0.9160372387142104,
    0.9228877568944318,
    0.9289478306692429,
    0.9301774108554365,
    0.9340418057263306,
    0.9404531881257685,
    0.9426488670296855
  ],
  "val_acc": [
    0.8692902319044272,
    0.9149683766690091,
    0.9346451159522137,
    0.9360505973295854,
    0.9409697821503865,
    0.9515108924806747,
    0.9578355586788475,
    0.9592410400562192,
    0.9564300773014758,
    0.960646521433591
  ]
}